{
  "accuracy": [
    0.5135135054588318,
    0.4864864945411682,
    0.630630612373352,
    0.8468468189239502,
    0.9099099040031433,
    0.9729729890823364,
    0.9819819927215576,
    1.0,
    0.9909909963607788,
    0.9819819927215576,
    0.9909909963607788,
    1.0,
    0.9909909963607788,
    0.9819819927215576
  ],
  "auc": [
    0.6490626931190491,
    0.850216269493103,
    0.8801369667053223,
    0.945746123790741,
    0.9947729110717773,
    0.9949531555175781,
    0.9996395111083984,
    1.0,
    1.0,
    0.9992790222167969,
    0.9830569624900818,
    1.0,
    1.0,
    1.0
  ],
  "loss": [
    0.6530851721763611,
    0.5657980442047119,
    0.4883657991886139,
    0.3818713426589966,
    0.2696962356567383,
    0.14814233779907227,
    0.08877024054527283,
    0.048243604600429535,
    0.032263729721307755,
    0.038701288402080536,
    0.11585936695337296,
    0.008072472177445889,
    0.020076151937246323,
    0.0400574654340744
  ],
  "precision": [
    0.3888888955116272,
    0.3956044018268585,
    0.47887325286865234,
    0.7234042286872864,
    0.7916666865348816,
    0.9729729890823364,
    0.9736841917037964,
    1.0,
    0.9743589758872986,
    0.9736841917037964,
    1.0,
    1.0,
    0.9743589758872986,
    1.0
  ],
  "recall": [
    0.7368420958518982,
    0.9473684430122375,
    0.8947368264198303,
    0.8947368264198303,
    1.0,
    0.9473684430122375,
    0.9736841917037964,
    1.0,
    1.0,
    0.9736841917037964,
    0.9736841917037964,
    1.0,
    1.0,
    0.9473684430122375
  ],
  "val_accuracy": [
    0.4583333432674408,
    0.7083333134651184,
    0.9166666865348816,
    0.875,
    0.875,
    0.8333333134651184,
    0.7916666865348816,
    0.7916666865348816,
    0.7916666865348816,
    0.7916666865348816,
    0.7916666865348816,
    0.7916666865348816,
    0.75,
    0.7916666865348816
  ],
  "val_auc": [
    0.985714316368103,
    0.9785714149475098,
    0.9714285731315613,
    0.9714285731315613,
    0.9642857313156128,
    0.9249999523162842,
    0.9249999523162842,
    0.9392856955528259,
    0.9392856359481812,
    0.9392856955528259,
    0.9071428179740906,
    0.8999999165534973,
    0.8999999761581421,
    0.9071428179740906
  ],
  "val_loss": [
    0.5991758108139038,
    0.5106635689735413,
    0.4326680600643158,
    0.39548417925834656,
    0.4315567910671234,
    0.5015601515769958,
    0.6638496518135071,
    1.0982561111450195,
    1.044226050376892,
    1.0102618932724,
    1.3724919557571411,
    1.4183626174926758,
    1.3013750314712524,
    1.3212366104125977
  ],
  "val_precision": [
    0.43478259444236755,
    0.5882353186607361,
    0.8999999761581421,
    0.7692307829856873,
    0.7692307829856873,
    0.75,
    0.692307710647583,
    0.6666666865348816,
    0.6666666865348816,
    0.6666666865348816,
    0.6666666865348816,
    0.6666666865348816,
    0.6428571343421936,
    0.6666666865348816
  ],
  "val_recall": [
    1.0,
    1.0,
    0.8999999761581421,
    1.0,
    1.0,
    0.8999999761581421,
    0.8999999761581421,
    1.0,
    1.0,
    1.0,
    1.0,
    1.0,
    0.8999999761581421,
    1.0
  ],
  "learning_rate": [
    0.0010000000474974513,
    0.0010000000474974513,
    0.0010000000474974513,
    0.0010000000474974513,
    0.0010000000474974513,
    0.0010000000474974513,
    0.0010000000474974513,
    0.0010000000474974513,
    0.0010000000474974513,
    0.0005000000237487257,
    0.0005000000237487257,
    0.0005000000237487257,
    0.0005000000237487257,
    0.0005000000237487257
  ]
}